5.187.21.43,5.187.21.44,Tor Project,https://www.torproject.org/
31.185.104.19,31.185.104.21,Tor Project,https://www.torproject.org/
51.15.56.122,51.15.56.123,Tor Project,https://www.torproject.org/
51.15.76.141,51.15.76.142,Tor Project,https://www.torproject.org/
51.255.26.152,51.255.26.155,Tor Project,https://www.torproject.org/
62.219.3.47,62.219.3.48,Tor Project,https://www.torproject.org/
65.19.167.130,65.19.167.133,Tor Project,https://www.torproject.org/
65.49.20.10,65.49.20.12,Tor Project,https://www.torproject.org/
69.38.149.3,69.38.149.4,Tor Project,https://www.torproject.org/
72.52.77.99,72.52.77.103,Tor Project,https://www.torproject.org/
77.247.181.162,77.247.181.166,Tor Project,https://www.torproject.org/
79.137.70.137,79.137.70.138,Tor Project,https://www.torproject.org/
79.137.112.4,79.137.112.5,Tor Project,https://www.torproject.org/
79.140.41.117,79.140.41.118,Tor Project,https://www.torproject.org/
81.17.17.130,81.17.17.131,Tor Project,https://www.torproject.org/
85.248.227.163,85.248.227.165,Tor Project,https://www.torproject.org/
87.118.122.50,87.118.122.51,Tor Project,https://www.torproject.org/
89.34.237.17,89.34.237.18,Tor Project,https://www.torproject.org/
89.34.237.214,89.34.237.215,Tor Project,https://www.torproject.org/
89.163.225.6,89.163.225.7,Tor Project,https://www.torproject.org/
89.187.150.12,89.187.150.15,Tor Project,https://www.torproject.org/
89.238.178.122,89.238.178.123,Tor Project,https://www.torproject.org/
91.211.247.246,91.211.247.247,Tor Project,https://www.torproject.org/
91.236.116.87,91.236.116.88,Tor Project,https://www.torproject.org/
93.115.86.8,93.115.86.9,Tor Project,https://www.torproject.org/
93.115.95.201,93.115.95.202,Tor Project,https://www.torproject.org/
93.115.95.204,93.115.95.207,Tor Project,https://www.torproject.org/
94.230.208.147,94.230.208.148,Tor Project,https://www.torproject.org/
95.143.172.207,95.143.172.208,Tor Project,https://www.torproject.org/
95.215.44.110,95.215.44.111,Tor Project,https://www.torproject.org/
103.250.73.12,103.250.73.13,Tor Project,https://www.torproject.org/
104.206.237.23,104.206.237.24,Tor Project,https://www.torproject.org/
104.218.63.72,104.218.63.77,Tor Project,https://www.torproject.org/
104.223.123.98,104.223.123.101,Tor Project,https://www.torproject.org/
118.42.88.116,118.42.88.117,Tor Project,https://www.torproject.org/
129.10.115.237,129.10.115.239,Tor Project,https://www.torproject.org/
129.10.115.244,129.10.115.248,Tor Project,https://www.torproject.org/
130.230.113.228,130.230.113.237,Tor Project,https://www.torproject.org/
131.188.40.188,131.188.40.189,Tor Project,https://www.torproject.org/
131.255.4.117,131.255.4.118,Tor Project,https://www.torproject.org/
137.74.40.76,137.74.40.77,Tor Project,https://www.torproject.org/
138.201.102.141,138.201.102.142,Tor Project,https://www.torproject.org/
139.59.36.56,139.59.36.57,Tor Project,https://www.torproject.org/
141.255.161.166,141.255.161.167,Tor Project,https://www.torproject.org/
158.69.30.132,158.69.30.133,Tor Project,https://www.torproject.org/
160.119.249.222,160.119.249.223,Tor Project,https://www.torproject.org/
160.119.249.239,160.119.249.240,Tor Project,https://www.torproject.org/
162.247.72.199,162.247.72.202,Tor Project,https://www.torproject.org/
162.247.72.216,162.247.72.217,Tor Project,https://www.torproject.org/
163.22.17.210,163.22.17.211,Tor Project,https://www.torproject.org/
171.25.193.77,171.25.193.78,Tor Project,https://www.torproject.org/
173.12.223.106,173.12.223.107,Tor Project,https://www.torproject.org/
173.208.206.188,173.208.206.190,Tor Project,https://www.torproject.org/
173.254.216.66,173.254.216.69,Tor Project,https://www.torproject.org/
176.10.99.200,176.10.99.210,Tor Project,https://www.torproject.org/
176.126.252.11,176.126.252.12,Tor Project,https://www.torproject.org/
178.16.208.55,178.16.208.62,Tor Project,https://www.torproject.org/
178.32.181.96,178.32.181.99,Tor Project,https://www.torproject.org/
178.175.135.99,178.175.135.102,Tor Project,https://www.torproject.org/
184.105.144.180,184.105.144.181,Tor Project,https://www.torproject.org/
185.100.84.250,185.100.84.251,Tor Project,https://www.torproject.org/
185.100.85.190,185.100.85.191,Tor Project,https://www.torproject.org/
185.100.87.206,185.100.87.207,Tor Project,https://www.torproject.org/
185.104.120.2,185.104.120.5,Tor Project,https://www.torproject.org/
185.106.154.118,185.106.154.119,Tor Project,https://www.torproject.org/
185.107.81.81,185.107.81.83,Tor Project,https://www.torproject.org/
185.129.62.62,185.129.62.63,Tor Project,https://www.torproject.org/
185.146.228.150,185.146.228.151,Tor Project,https://www.torproject.org/
185.217.0.114,185.217.0.115,Tor Project,https://www.torproject.org/
185.217.0.119,185.217.0.120,Tor Project,https://www.torproject.org/
185.220.100.252,185.220.101.1,Tor Project,https://www.torproject.org/
185.220.101.3,185.220.101.6,Tor Project,https://www.torproject.org/
185.220.101.8,185.220.101.10,Tor Project,https://www.torproject.org/
185.220.101.12,185.220.101.13,Tor Project,https://www.torproject.org/
185.220.101.20,185.220.101.22,Tor Project,https://www.torproject.org/
185.220.101.25,185.220.101.30,Tor Project,https://www.torproject.org/
185.220.101.32,185.220.101.34,Tor Project,https://www.torproject.org/
185.220.101.44,185.220.101.46,Tor Project,https://www.torproject.org/
185.222.202.12,185.222.202.13,Tor Project,https://www.torproject.org/
185.222.202.103,185.222.202.104,Tor Project,https://www.torproject.org/
192.36.27.6,192.36.27.7,Tor Project,https://www.torproject.org/
192.42.115.101,192.42.115.102,Tor Project,https://www.torproject.org/
192.42.116.13,192.42.116.20,Tor Project,https://www.torproject.org/
192.52.167.70,192.52.167.71,Tor Project,https://www.torproject.org/
192.160.102.164,192.160.102.166,Tor Project,https://www.torproject.org/
192.160.102.168,192.160.102.170,Tor Project,https://www.torproject.org/
193.11.114.45,193.11.114.46,Tor Project,https://www.torproject.org/
193.90.12.115,193.90.12.119,Tor Project,https://www.torproject.org/
193.105.134.56,193.105.134.57,Tor Project,https://www.torproject.org/
195.12.48.76,195.12.48.77,Tor Project,https://www.torproject.org/
195.22.125.136,195.22.125.137,Tor Project,https://www.torproject.org/
195.176.3.19,195.176.3.20,Tor Project,https://www.torproject.org/
195.176.3.23,195.176.3.24,Tor Project,https://www.torproject.org/
199.249.224.40,199.249.224.49,Tor Project,https://www.torproject.org/
199.249.224.60,199.249.224.69,Tor Project,https://www.torproject.org/
204.85.191.30,204.85.191.31,Tor Project,https://www.torproject.org/
206.55.74.0,206.55.74.1,Tor Project,https://www.torproject.org/
212.51.156.164,212.51.156.165,Tor Project,https://www.torproject.org/
217.170.197.82,217.170.197.83,Tor Project,https://www.torproject.org/
217.182.196.67,217.182.196.68,Tor Project,https://www.torproject.org/
